{"cameraMode":{"drawMode":0,"name":"Shaded","section":"Shading Mode"},"sceneLighting":false,"audioPlay":false,"sceneViewState":{"showFog":true,"showMaterialUpdate":false,"showSkybox":false,"showFlares":true,"showImageEffects":true,"showParticleSystems":true},"in2DMode":false,"pivot":{"x":0.019442439079284669,"y":0.0,"z":-0.10620987415313721},"rotation":{"x":-0.6172270178794861,"y":0.2149173468351364,"z":-0.1805197298526764,"w":-0.7350500822067261},"size":1.3051341772079468,"orthographic":false}