{"cameraMode":{"drawMode":0,"name":"Shaded","section":"Shading Mode"},"sceneLighting":false,"audioPlay":false,"sceneViewState":{"showFog":true,"showMaterialUpdate":false,"showSkybox":false,"showFlares":true,"showImageEffects":true,"showParticleSystems":true},"in2DMode":false,"pivot":{"x":-4.76837158203125e-7,"y":0.025000005960464479,"z":0.0},"rotation":{"x":-0.12507560849189759,"y":0.816563069820404,"z":-0.19293490052223206,"w":-0.5295363664627075},"size":0.04330138489603996,"orthographic":false}