{"cameraMode":{"drawMode":0,"name":"Shaded","section":"Shading Mode"},"sceneLighting":true,"audioPlay":false,"sceneViewState":{"showFog":true,"showMaterialUpdate":false,"showSkybox":true,"showFlares":true,"showImageEffects":true,"showParticleSystems":true},"in2DMode":false,"pivot":{"x":1.3809928894042969,"y":10.440301895141602,"z":6.520845413208008},"rotation":{"x":0.01140252873301506,"y":0.9774749279022217,"z":-0.20355366170406342,"w":0.05478263273835182},"size":10.0,"orthographic":false}